fileName,vidLen,valence,arousal,impact,group,trials.thisRepN,trials.thisTrialN,trials.thisN,trials.thisIndex,thisRow.t,notes,Instructions.started,text.started,key_resp.started,Instructions.stopped,key_resp.keys,key_resp.rt,key_resp.duration,MoviePresent.started,movie.started,constantBlack.started,photoDiode1.started,photoDiode1.stopped,photoDiode2.started,photoDiode2.stopped,photoDiode3.started,photoDiode3.stopped,MoviePresent.stopped,participant,session,date,expName,psychopyVersion,frameRate,expStart,
,,,,,,,,,,,,0.004266400123015046,0.009605299914255738,0.009605299914255738,1.2583175001200289,space,1.2342637998517603,None,,,,,,,,,,,375540,001,2025-06-11_16h49.38.894,emotionalMovieTask,2023.2.3,59.93198919105018,2025-06-11 16h49.46.951193 -0500,
698.3-Putting_a_Girl_into_Sleep_-_General_Anesthesia-ED.mp4,12.067,2.6207,6.6,6.4727,sad,0,0,0,128,1.9752980000339448,,,,,,,,,1.2707806001417339,1.9752980000339448,1.9752980000339448,3.26197630004026,3.461851099971682,3.661823600064963,3.8622000999748707,4.062442100141197,4.262684399960563,14.020409099990502,375540,001,2025-06-11_16h49.38.894,emotionalMovieTask,2023.2.3,59.93198919105018,2025-06-11 16h49.46.951193 -0500,
722.2-A_Woman_Flat_Ironing_A_Table_Cloth-ED.mp4,15.0,5.6,3.0588,2.4063,neut,0,1,1,56,15.109565600054339,,,,,,,,,14.125680800061673,15.109565600054339,15.109565600054339,16.138691700063646,16.339079499943182,16.53957340004854,16.739338400075212,16.939685800112784,17.140303699998185,30.083536199992523,375540,001,2025-06-11_16h49.38.894,emotionalMovieTask,2023.2.3,59.93198919105018,2025-06-11 16h49.46.951193 -0500,
810-Stir Fry Slow Motion-ED.mp4,4.102,6.85,4.1875,3.25,happy,0,2,2,104,31.156001100083813,,,,,,,,,30.203083199914545,31.156001100083813,31.156001100083813,32.20157260005362,32.40172250010073,32.60199599992484,32.80219150008634,33.0023054999765,33.20230620005168,35.23772870004177,375540,001,2025-06-11_16h49.38.894,emotionalMovieTask,2023.2.3,59.93198919105018,2025-06-11 16h49.46.951193 -0500,
561-Kids Eating Cookies They Decorated Themselves-ED2.mp4,7.916,6.5897,3.2857,3.3023,neut,0,3,3,53,36.21208809991367,,,,,,,,,35.349690600065514,36.21208809991367,36.21208809991367,37.35608069994487,37.556073900079355,37.75632350007072,37.95628700009547,38.15644020005129,38.35670410003513,44.095154700102285,375540,001,2025-06-11_16h49.38.894,emotionalMovieTask,2023.2.3,59.93198919105018,2025-06-11 16h49.46.951193 -0500,
867-Close-Up Video Of Woman Smiling-ED.mp4,12.435,4.8125,3.6757,2.5758,neut,0,4,4,10,44.983257699990645,,,,,,,,,44.205552000086755,44.983257699990645,44.983257699990645,46.2139147000853,46.41395219997503,46.61413010000251,46.81399599998258,47.0144438999705,47.214370199944824,57.372853100067005,375540,001,2025-06-11_16h49.38.894,emotionalMovieTask,2023.2.3,59.93198919105018,2025-06-11 16h49.46.951193 -0500,
526.2-Monster_(EXPLICIT)-ED2.mp4,5.834,2.7273,5.8125,4.9333,sad,0,5,5,172,58.37199390004389,,,,,,,,,57.47775939991698,58.37199390004389,58.37199390004389,59.490756599931046,59.69109500013292,59.89103760011494,60.09115560003556,60.2916586000938,60.491673399927095,64.19521529995836,375540,001,2025-06-11_16h49.38.894,emotionalMovieTask,2023.2.3,59.93198919105018,2025-06-11 16h49.46.951193 -0500,
566.6-Mitch_Parkinson-ED.mp4,7.534,6.9737,5.2895,4.6842,happy,0,6,6,115,65.6153617000673,,,,,,,,,64.29806880000979,65.6153617000673,65.6153617000673,66.3133978000842,66.51351350010373,66.71412250003777,66.91415470000356,67.09694180008955,67.29703709995374,73.1691735999193,375540,001,2025-06-11_16h49.38.894,emotionalMovieTask,2023.2.3,59.93198919105018,2025-06-11 16h49.46.951193 -0500,
345.1-Woman Applying Makeup Around Her Face-ED.mp4,12.931,5.5294,2.4231,2.8519,neut,0,7,7,57,74.15404599998146,,,,,,,,,73.27829049993306,74.15404599998146,74.15404599998146,75.28730130009353,75.4871913001407,75.68771610013209,75.88775380002335,76.08774830005132,76.28812830010429,87.03047870006412,375540,001,2025-06-11_16h49.38.894,emotionalMovieTask,2023.2.3,59.93198919105018,2025-06-11 16h49.46.951193 -0500,
404.2-Man_Tries_to_Smoke_and_Gets_Caughts-ED.mp4,8.534,2.913,5.7,3.6087,sad,0,8,8,149,87.91930470010266,,,,,,,,,87.15798799996264,87.91930470010266,87.91930470010266,89.16529339994304,89.36553460010327,89.56571180000901,89.76574559998699,89.9657568000257,90.16589340008795,96.438407599926,375540,001,2025-06-11_16h49.38.894,emotionalMovieTask,2023.2.3,59.93198919105018,2025-06-11 16h49.46.951193 -0500,
926-Close Up Shot of Medical Professionals Hand Holding a Positive COVID Test Tube Result-ED.mp4,10.606,2.3462,5.08,3.6296,sad,0,9,9,169,97.23815739993006,,,,,,,,,96.54639460006729,97.23815739993006,97.23815739993006,98.55618440010585,98.75649309996516,98.9567442999687,99.15677360002883,99.35690090013668,99.55742010008544,107.81433660001494,375540,001,2025-06-11_16h49.38.894,emotionalMovieTask,2023.2.3,59.93198919105018,2025-06-11 16h49.46.951193 -0500,
948-Man Proposing to His Girlfriend-2-ED.mp4,9.614,7.0417,6.6957,5.3684,happy,0,10,10,80,108.61743060010485,,,,,,,,,107.929832899943,108.61743060010485,108.61743060010485,109.93228670000099,110.13247020007111,110.33259480004199,110.53270129999146,110.73308330005966,110.93339719995856,118.20629439991899,375540,001,2025-06-11_16h49.38.894,emotionalMovieTask,2023.2.3,59.93198919105018,2025-06-11 16h49.46.951193 -0500,
461.2-Spider_Surprise-ED.mp4,15.634,2.2069,5.4872,5.2381,sad,0,11,11,165,119.31472979998216,,,,,,,,,118.30933550000191,119.31472979998216,119.31472979998216,120.3241316000931,120.52465720009059,120.72457570000552,120.92476120009087,121.10990209993906,121.32494550012052,134.93696870002896,375540,001,2025-06-11_16h49.38.894,emotionalMovieTask,2023.2.3,59.93198919105018,2025-06-11 16h49.46.951193 -0500,
647.2-A_Woman_Busy_Computing_Money_Behind_The_Counter-ED.mp4,12.367,5.5,3.1875,2.65,neut,0,12,12,58,135.8081261999905,,,,,,,,,135.04054210009053,135.8081261999905,135.8081261999905,137.05480540008284,137.25477809994482,137.45502520003356,137.6552605999168,137.85546909994446,138.05541549995542,148.1475484999828,375540,001,2025-06-11_16h49.38.894,emotionalMovieTask,2023.2.3,59.93198919105018,2025-06-11 16h49.46.951193 -0500,
815-Chocolate Poured Over Alfajor-ED.mp4,15.047,6.8462,4.5278,4.5417,happy,0,13,13,76,148.9933645001147,,,,,,,,,148.26437860005535,148.9933645001147,148.9933645001147,150.26538920006715,150.46569490013644,150.6658687000163,150.86764720012434,151.06620629993267,151.26625430001877,163.97709390008822,375540,001,2025-06-11_16h49.38.894,emotionalMovieTask,2023.2.3,59.93198919105018,2025-06-11 16h49.46.951193 -0500,
526.3-Monster_(EXPLICIT)-ED2.mp4,4.567,2.2881,6.4444,5.5,sad,0,14,14,144,164.8776491000317,,,,,,,,,164.08574929996394,164.8776491000317,164.8776491000317,166.09528329991736,166.2952064999845,166.49543359992094,166.69563590013422,166.89599570003338,167.09608940011822,169.43170320009813,375540,001,2025-06-11_16h49.38.894,emotionalMovieTask,2023.2.3,59.93198919105018,2025-06-11 16h49.46.951193 -0500,
662.1-Summertime Kiss Scene-ED.mp4,10.214,6.7059,5.119,5.8611,happy,0,15,15,100,170.26102600013837,,,,,,,,,169.53703629993834,170.26102600013837,170.26102600013837,171.5496712999884,171.74998690001667,171.9502578000538,172.15012330003083,172.3506787000224,172.55057370010763,180.44082710007206,375540,001,2025-06-11_16h49.38.894,emotionalMovieTask,2023.2.3,59.93198919105018,2025-06-11 16h49.46.951193 -0500,
505-People Jumping-ED2.mp4,4.572,7.0833,4.5424,4.1127,happy,0,16,16,114,181.29077830002643,,,,,,,,,180.55515930010006,181.29077830002643,181.29077830002643,182.55867299996316,182.75893940008245,182.95921740005724,183.15961540001445,183.3597220000811,183.5595591000747,185.8116637999192,375540,001,2025-06-11_16h49.38.894,emotionalMovieTask,2023.2.3,59.93198919105018,2025-06-11 16h49.46.951193 -0500,
434.1-Chicken electrocution and decapitation-ED.mp4,10.032,1.875,5.0606,6.2414,sad,0,17,17,132,186.6706793999765,,,,,,,,,185.9178311000578,186.6706793999765,186.6706793999765,187.93027650006115,188.1303022999782,188.33065519994125,188.53068939992227,188.7308688000776,188.93107099994086,196.65410919999704,375540,001,2025-06-11_16h49.38.894,emotionalMovieTask,2023.2.3,59.93198919105018,2025-06-11 16h49.46.951193 -0500,
942-A Young Man In A Dance Rehearsal-ED.mp4,11.912,5.2,3.84,2.8,neut,0,18,18,16,197.4456468001008,,,,,,,,,196.76556590013206,197.4456468001008,197.4456468001008,198.77252160012722,198.972351500066,199.17277469998226,199.37345939991064,199.57317190011963,199.77327609993517,209.3313621999696,375540,001,2025-06-11_16h49.38.894,emotionalMovieTask,2023.2.3,59.93198919105018,2025-06-11 16h49.46.951193 -0500,
957.2-A_Dog_Playing_With_The_Dried_Branches-ED.mp4,7.467,7.0769,4.88,3.9474,happy,0,19,19,73,210.33794900006615,,,,,,,,,209.43822639994323,210.33794900006615,210.33794900006615,211.4492679000832,211.64941520011052,211.84976739995182,212.0497518000193,212.24992690002546,212.45034480001777,217.79016999993473,375540,001,2025-06-11_16h49.38.894,emotionalMovieTask,2023.2.3,59.93198919105018,2025-06-11 16h49.46.951193 -0500,
672.7-Dance_Boogie_Woogie_Rockabilly_-_Jive_Nellia_and_Dietmar-ED.mp4,14.734,7.92,5.2424,5.0909,happy,0,20,20,92,218.70517670013942,,,,,,,,,217.8929467999842,218.70517670013942,218.70517670013942,219.90622720005922,220.1064174999483,220.30672900006175,220.50678079994395,220.70673480001278,220.90682870009914,233.45101359998807,375540,001,2025-06-11_16h49.38.894,emotionalMovieTask,2023.2.3,59.93198919105018,2025-06-11 16h49.46.951193 -0500,
911-High Angle Gimbal Shot of Bloody Hammer and Hand Under Tarpaulin at Crime Scene-ED.mp4,15.021,2.4737,6.1944,5.0889,sad,0,21,21,141,234.33206419995986,,,,,,,,,233.56540840002708,234.33206419995986,234.33206419995986,235.56896860012785,235.7693209000863,235.96957580000162,236.17069480009377,236.36983230011538,236.56991029996425,249.31442019995302,375540,001,2025-06-11_16h49.38.894,emotionalMovieTask,2023.2.3,59.93198919105018,2025-06-11 16h49.46.951193 -0500,
608.8-CRAZY_NEAR_DEATH_EXPERIENCES-ED.mp4,15.0,2.8929,7.5455,6.4737,sad,0,22,22,140,250.14803500007838,,,,,,,,,249.4257722001057,250.14803500007838,250.14803500007838,251.43242710013874,251.6324672999326,251.83257400011644,252.03270710003562,252.23277339991182,252.43293599993922,265.1607377999462,375540,001,2025-06-11_16h49.38.894,emotionalMovieTask,2023.2.3,59.93198919105018,2025-06-11 16h49.46.951193 -0500,
567-Hawaii Plane Crash Caught on Tape-ED2.mp4,7.367,2.8235,6.0833,6.2973,sad,0,23,23,163,265.9720509001054,,,,,,,,,265.27445959998295,265.9720509001054,265.9720509001054,267.27859220001847,267.47858170000836,267.6786575000733,267.8790005999617,268.0789715999272,268.27941909991205,273.28370000002906,375540,001,2025-06-11_16h49.38.894,emotionalMovieTask,2023.2.3,59.93198919105018,2025-06-11 16h49.46.951193 -0500,
696.2-Eggnog_Gallon_Challenge_WARNING!_Projectile_Vomiting-ED.mp4,3.467,2.5238,6.0,6.68,sad,0,24,24,162,274.17131040012464,,,,,,,,,273.39857479999773,274.17131040012464,274.17131040012464,275.4021846000105,275.60237500001676,275.80272849998437,276.0028307000175,276.2032171001192,276.40316629991867,277.6210280000232,375540,001,2025-06-11_16h49.38.894,emotionalMovieTask,2023.2.3,59.93198919105018,2025-06-11 16h49.46.951193 -0500,
794.4-MONEY-ED.mp4,5.0,1.9216,5.8966,6.0357,sad,0,25,25,127,278.49098609993234,,,,,,,,,277.73282689996995,278.49098609993234,278.49098609993234,279.7387091999408,279.93863600003533,280.1389596001245,280.3390735001303,280.539260199992,280.7393493000418,283.47577559994534,375540,001,2025-06-11_16h49.38.894,emotionalMovieTask,2023.2.3,59.93198919105018,2025-06-11 16h49.46.951193 -0500,
650-Woman's Hands Typing-ED.mp4,12.722,4.6316,3.7083,3.3462,neut,0,26,26,45,284.4545561999548,,,,,,,,,283.5857949000783,284.4545561999548,284.4545561999548,285.5936857999768,285.79369210009463,285.9939834000543,286.19389889994636,286.3941271000076,286.59447859996,297.1368816001341,375540,001,2025-06-11_16h49.38.894,emotionalMovieTask,2023.2.3,59.93198919105018,2025-06-11 16h49.46.951193 -0500,
628.3-Accident_in_Oak_Lawn_IL-ED.mp4,15.0,4.9444,3.7455,2.6,neut,0,27,27,50,297.98448280012235,,,,,,,,,297.2481983001344,297.98448280012235,297.98448280012235,299.2546816000249,299.45479890005663,299.65517099993303,299.8552520000376,300.0555358999409,300.25578170013614,312.96642890013754,375540,001,2025-06-11_16h49.38.894,emotionalMovieTask,2023.2.3,59.93198919105018,2025-06-11 16h49.46.951193 -0500,
434.3-Chicken_electrocution_and_decapitation-ED.mp4,15.567,1.8143,6.322,7.1846,sad,0,28,28,136,313.7767570000142,,,,,,,,,313.07812310010195,313.7767570000142,313.7767570000142,315.0843692999333,315.28453649999574,315.4846562000457,315.6848152000457,315.88515200000256,316.0854901999701,329.3298857000191,375540,001,2025-06-11_16h49.38.894,emotionalMovieTask,2023.2.3,59.93198919105018,2025-06-11 16h49.46.951193 -0500,
400.1-Stay At Home Reading-ED.mp4,12.043,6.1818,2.5,1.7778,neut,0,29,29,48,330.2445595001336,,,,,,,,,329.43766749999486,330.2445595001336,330.2445595001336,331.44812760013156,331.64802159997635,331.8483569000382,332.0482843001373,332.24872900010087,332.44891980011016,342.22382119996473,375540,001,2025-06-11_16h49.38.894,emotionalMovieTask,2023.2.3,59.93198919105018,2025-06-11 16h49.46.951193 -0500,
652.3-Woman_In_A_Photocopier-ED.mp4,10.034,4.8382,2.5593,2.0746,neut,0,30,30,18,343.1204291000031,,,,,,,,,342.33774739992805,343.1204291000031,343.1204291000031,344.34184999996796,344.54221959994175,344.74213999998756,344.9422869000118,345.14256089995615,345.3432193000335,353.13290970004164,375540,001,2025-06-11_16h49.38.894,emotionalMovieTask,2023.2.3,59.93198919105018,2025-06-11 16h49.46.951193 -0500,
533.4-Too_Late-ED.mp4,4.167,2.459,5.7358,5.0588,sad,0,31,31,173,353.9436892999802,,,,,,,,,353.2468231001403,353.9436892999802,353.9436892999802,355.25068680010736,355.45096380007453,355.65141250006855,355.8513096999377,356.05153890000656,356.25161219993606,358.08678309991956,375540,001,2025-06-11_16h49.38.894,emotionalMovieTask,2023.2.3,59.93198919105018,2025-06-11 16h49.46.951193 -0500,
947-Man Proposing to His Girlfriend-ED.mp4,9.013,7.3333,6.1053,4.55,happy,0,32,32,105,358.99863360007294,,,,,,,,,358.2040063999593,358.99863360007294,358.99863360007294,360.2048669999931,360.4052144000307,360.6054392999504,360.8053776000161,361.00572809996083,361.2056321001146,367.978371999925,375540,001,2025-06-11_16h49.38.894,emotionalMovieTask,2023.2.3,59.93198919105018,2025-06-11 16h49.46.951193 -0500,
802-Man Drinking From Water Fountain-ED.mp4,3.527,4.9667,3.3571,2.8929,neut,0,33,33,43,368.85337050003,,,,,,,,,368.09317729994655,368.85337050003,368.85337050003,370.09650920005515,370.29656390007585,370.49676289991476,370.6968344000634,370.89721979992464,371.09743309998885,372.33228079997934,375540,001,2025-06-11_16h49.38.894,emotionalMovieTask,2023.2.3,59.93198919105018,2025-06-11 16h49.46.951193 -0500,
599.1 - Street Heroin Optimal Preparation and Injection - ED.mp4,15.047,5.069,2.9268,3.4231,neut,0,34,34,26,373.37804510002024,,,,,,,,,372.44818089995533,373.37804510002024,373.37804510002024,374.44992240006104,374.6502479999326,374.8503255001269,375.05056399991736,375.25062229996547,375.45083440002054,388.36174349999055,375540,001,2025-06-11_16h49.38.894,emotionalMovieTask,2023.2.3,59.93198919105018,2025-06-11 16h49.46.951193 -0500,
688.14_Happy_Moments_Romantic_Dating-ED.mp4,8.134,6.3333,3.25,2.7273,neut,0,35,35,36,389.2103301999159,,,,,,,,,388.4712670999579,389.2103301999159,389.2103301999159,390.480009800056,390.6799284000881,390.880402199924,391.0803227999713,391.2805628001224,391.48100290005095,397.35257400013506,375540,001,2025-06-11_16h49.38.894,emotionalMovieTask,2023.2.3,59.93198919105018,2025-06-11 16h49.46.951193 -0500,
674.11-Hey_There_Delilah_-_Cute_Couple-ED.mp4,10.267,5.3571,3.9524,2.75,neut,0,36,36,25,398.17070230003446,,,,,,,,,397.4707988000009,398.17070230003446,398.17070230003446,399.47066290001385,399.67087149992585,399.87108559999615,400.0712266000919,400.27109039993957,400.4712469999213,408.46170060010627,375540,001,2025-06-11_16h49.38.894,emotionalMovieTask,2023.2.3,59.93198919105018,2025-06-11 16h49.46.951193 -0500,
668.4-Most_HEARTWARMING_Military_Homecoming_Surprises!-ED.mp4,13.167,7.7541,6.7069,6.8571,happy,0,37,37,90,409.2010105000809,,,,,,,,,408.56496120011434,409.2010105000809,409.2010105000809,410.57973959995434,410.779768000124,410.98002179991454,411.18019530014135,411.38015450001694,411.5804892000742,422.3396878999192,375540,001,2025-06-11_16h49.38.894,emotionalMovieTask,2023.2.3,59.93198919105018,2025-06-11 16h49.46.951193 -0500,
412-Business Meeting 2-ED.mp4,15.308,4.5952,3.7674,3.0328,neut,0,38,38,32,423.24676369992085,,,,,,,,,422.45337869995274,423.24676369992085,423.24676369992085,424.45785379991867,424.65821160003543,424.8580803000368,425.0582812000066,425.25898259994574,425.4584123000968,438.53636749996804,375540,001,2025-06-11_16h49.38.894,emotionalMovieTask,2023.2.3,59.93198919105018,2025-06-11 16h49.46.951193 -0500,
595.1 - Worst Grand Mal Seizure I Ever Had - ED.mp4,14.969,1.5714,7.4211,6.5938,sad,0,39,39,135,439.47585500008427,,,,,,,,,438.6393133001402,439.47585500008427,439.47585500008427,440.654821800068,440.85449369996786,441.038504099939,441.2387172000017,441.43881159997545,441.6393766000401,454.39986729994416,375540,001,2025-06-11_16h49.38.894,emotionalMovieTask,2023.2.3,59.93198919105018,2025-06-11 16h49.46.951193 -0500,
480-US Dollars-ED.mp4,16.144,6.973,5.5143,4.1081,happy,0,40,40,106,455.22592850006185,,,,,,,,,454.5028196000494,455.22592850006185,455.22592850006185,456.51771869999357,456.71824670000933,456.91820119996555,457.11833480000496,457.3014704999514,457.50159409991466,471.3467631000094,375540,001,2025-06-11_16h49.38.894,emotionalMovieTask,2023.2.3,59.93198919105018,2025-06-11 16h49.46.951193 -0500,
345.2-Woman_Applying_Makeup_Around_Her_Face-ED.mp4,6.218,4.92,2.1481,2.8182,neut,0,41,41,41,472.14141139993444,,,,,,,,,471.45212569995783,472.14141139993444,472.14141139993444,473.4647908001207,473.66505250008777,473.86525240004994,474.0651150001213,474.2661029000301,474.46570760011673,478.33565720007755,375540,001,2025-06-11_16h49.38.894,emotionalMovieTask,2023.2.3,59.93198919105018,2025-06-11 16h49.46.951193 -0500,
541.6-Dangerous_Conviction-ED.mp4,22.0,2.7941,5.3448,6.0385,sad,0,42,42,142,479.1734156999737,,,,,,,,,478.45167109998874,479.1734156999737,479.1734156999737,480.4537120000459,480.6539000000339,480.8541904001031,481.0542745999992,481.2545594999101,481.4546763000544,501.154577099951,375540,001,2025-06-11_16h49.38.894,emotionalMovieTask,2023.2.3,59.93198919105018,2025-06-11 16h49.46.951193 -0500,
,,,,,,,,,,502.1125123000238,,,,,,,,,501.2673170999624,502.1125123000238,502.1125123000238,503.2732343999669,503.47356109996326,503.673726900015,503.87388660013676,504.0739997001365,504.27400450012647,,,,,,,,,
